{"node1":{"engine":{"node1":{"accuracy":0.0,"false":3,"last_activity":1772700114.4548008,"success":0,"total":3},"node2":{"accuracy":1.0,"false":0,"last_activity":1772700097.81068,"success":0,"total":0},"node3":{"accuracy":1.0,"false":0,"last_activity":1772700097.8106818,"success":0,"total":0}},"node_stats":{"node1":{"last_activity":1772700114.4548025,"votes":0},"node2":{"last_activity":1772700114.6075096,"votes":4},"node3":{"last_activity":1772700116.6114674,"votes":4}}},"node2":{"engine":{"node1":{"accuracy":0.0,"false":3,"last_activity":1772700114.4548008,"success":0,"total":3},"node2":{"accuracy":1.0,"false":0,"last_activity":1772700097.81068,"success":0,"total":0},"node3":{"accuracy":1.0,"false":0,"last_activity":1772700097.8106818,"success":0,"total":0}},"node_stats":{"node1":{"last_activity":1772700114.4548025,"votes":0},"node2":{"last_activity":1772700113.4472225,"votes":3},"node3":{"last_activity":1772700110.4499292,"votes":3}}},"node3":{"engine":{"node1":{"accuracy":1.0,"false":0,"last_activity":1772700100.1191583,"success":0,"total":0},"node2":{"accuracy":1.0,"false":0,"last_activity":1772700100.1191602,"success":0,"total":0},"node3":{"accuracy":0.0,"false":3,"last_activity":1772700114.4546316,"success":0,"total":3}},"node_stats":{"node1":{"last_activity":1772700113.442931,"votes":3},"node2":{"last_activity":1772700110.4485202,"votes":3},"node3":{"last_activity":1772700114.4546337,"votes":0}}}}
