{"node1":{"engine":{"node1":{"accuracy":0.0,"false":3,"last_activity":1772700238.5867524,"success":0,"total":3},"node2":{"accuracy":1.0,"false":0,"last_activity":1772700199.8231316,"success":0,"total":0}},"node_stats":{"node1":{"last_activity":1772700238.5867538,"votes":0},"node2":{"last_activity":1772700232.5783052,"votes":8},"node3":{"last_activity":1772700223.3669317,"votes":7}}},"node2":{"engine":{"node1":{"accuracy":1.0,"false":0,"last_activity":1772700199.8258386,"success":1,"total":1}},"node_stats":{"node1":{"last_activity":1772700199.8258302,"votes":0}}},"node3":{"engine":{"node1":{"accuracy":1.0,"false":0,"last_activity":1772700199.82952,"success":1,"total":1},"node3":{"accuracy":0.0,"false":3,"last_activity":1772700224.068063,"success":0,"total":3}},"node_stats":{"node1":{"last_activity":1772700223.0546298,"votes":4},"node2":{"last_activity":1772700220.0580022,"votes":4},"node3":{"last_activity":1772700224.0680637,"votes":0}}}}
