{"node1":{"engine":{"node1":{"accuracy":0.0,"false":1,"last_activity":1772698468.9611535,"success":0,"total":1},"node2":{"accuracy":1.0,"false":0,"last_activity":1772698412.7192538,"success":0,"total":0},"node3":{"accuracy":1.0,"false":0,"last_activity":1772698421.9188354,"success":0,"total":0}},"node_stats":{"node1":{"last_activity":1772698468.9611557,"votes":0},"node2":{"last_activity":1772698462.9493017,"votes":10},"node3":{"last_activity":1772698462.9549367,"votes":10}}},"node2":{"engine":{"node1":{"accuracy":1.0,"false":0,"last_activity":1772698456.0217702,"success":5,"total":5}},"node_stats":{"node1":{"last_activity":1772698456.021762,"votes":0}}},"node3":{"engine":{"node1":{"accuracy":1.0,"false":0,"last_activity":1772698456.0252979,"success":5,"total":5}},"node_stats":{"node1":{"last_activity":1772698456.025286,"votes":0}}}}
