{"node1":{"engine":{"node1":{"accuracy":0.0,"false":3,"last_activity":1772700823.6459565,"success":0,"total":3},"node2":{"accuracy":1.0,"false":0,"last_activity":1772700782.8534613,"success":0,"total":0},"node3":{"accuracy":1.0,"false":0,"last_activity":1772700782.853463,"success":0,"total":0}},"node_stats":{"node1":{"last_activity":1772700823.645958,"votes":0},"node2":{"last_activity":1772700817.6159284,"votes":7},"node3":{"last_activity":1772700814.308182,"votes":5}}},"node2":{"engine":{"node1":{"accuracy":1.0,"false":0,"last_activity":1772700789.4938838,"success":3,"total":3}},"node_stats":{"node1":{"last_activity":1772700789.4938722,"votes":0}}},"node3":{"engine":{"node1":{"accuracy":0.333,"false":2,"last_activity":1772700789.496723,"success":1,"total":3},"node3":{"accuracy":0.0,"false":3,"last_activity":1772700810.501665,"success":0,"total":3}},"node_stats":{"node1":{"last_activity":1772700804.4943373,"votes":6},"node2":{"last_activity":1772700809.5017736,"votes":6},"node3":{"last_activity":1772700810.501666,"votes":0}}}}
