{"node1":{"engine":{"node1":{"accuracy":0.0,"false":3,"last_activity":1772700435.2022488,"success":0,"total":3},"node2":{"accuracy":1.0,"false":0,"last_activity":1772700409.3208342,"success":0,"total":0},"node3":{"accuracy":1.0,"false":0,"last_activity":1772700395.5254333,"success":1,"total":1}},"node_stats":{"node1":{"last_activity":1772700435.2022502,"votes":0},"node2":{"last_activity":1772700437.23789,"votes":8},"node3":{"last_activity":1772700425.202635,"votes":6}}},"node2":{"engine":{"node1":{"accuracy":1.0,"false":0,"last_activity":1772700409.323451,"success":1,"total":1},"node3":{"accuracy":1.0,"false":0,"last_activity":1772700395.5287416,"success":1,"total":1}},"node_stats":{"node1":{"last_activity":1772700409.323442,"votes":0},"node3":{"last_activity":1772700395.5287323,"votes":0}}},"node3":{"engine":{"node1":{"accuracy":1.0,"false":0,"last_activity":1772700409.3264818,"success":1,"total":1},"node2":{"accuracy":1.0,"false":0,"last_activity":1772700395.5233526,"success":0,"total":0},"node3":{"accuracy":0.0,"false":3,"last_activity":1772700425.0956635,"success":0,"total":3}},"node_stats":{"node1":{"last_activity":1772700419.0888622,"votes":4},"node2":{"last_activity":1772700424.0936863,"votes":4},"node3":{"last_activity":1772700425.0956647,"votes":0}}}}
