{"node1":{"engine":{"node1":{"accuracy":0.0,"false":3,"last_activity":1772700653.0634155,"success":0,"total":3},"node2":{"accuracy":1.0,"false":0,"last_activity":1772700622.5969372,"success":0,"total":0}},"node_stats":{"node1":{"last_activity":1772700653.0634172,"votes":0},"node2":{"last_activity":1772700647.0537882,"votes":7},"node3":{"last_activity":1772700617.578096,"votes":3}}},"node2":{"engine":{"node1":{"accuracy":0.0,"false":1,"last_activity":1772700617.9791667,"success":0,"total":1},"node2":{"accuracy":1.0,"false":0,"last_activity":1772700622.5969372,"success":0,"total":0}},"node_stats":{"node1":{"last_activity":1772700617.9791713,"votes":0},"node2":{"last_activity":1772700622.5879035,"votes":5},"node3":{"last_activity":1772700617.578096,"votes":3}}},"node3":{"engine":{"node1":{"accuracy":1.0,"false":0,"last_activity":1772700609.4795957,"success":0,"total":0},"node3":{"accuracy":0.0,"false":3,"last_activity":1772700618.6214108,"success":0,"total":3}},"node_stats":{"node1":{"last_activity":1772700612.6076744,"votes":4},"node2":{"last_activity":1772700612.6127777,"votes":4},"node3":{"last_activity":1772700618.6214128,"votes":0}}}}
