{"node1":{"engine":{"node1":{"accuracy":0.0,"false":3,"last_activity":1772698576.2061698,"success":0,"total":3},"node2":{"accuracy":1.0,"false":0,"last_activity":1772698528.165036,"success":0,"total":0},"node3":{"accuracy":1.0,"false":0,"last_activity":1772698559.5537202,"success":0,"total":0}},"node_stats":{"node1":{"last_activity":1772698576.2061708,"votes":0},"node2":{"last_activity":1772698575.2006228,"votes":6},"node3":{"last_activity":1772698577.202765,"votes":6}}},"node2":{"engine":{"node1":{"accuracy":1.0,"false":0,"last_activity":1772698530.4931877,"success":2,"total":2}},"node_stats":{"node1":{"last_activity":1772698530.4931793,"votes":0}}},"node3":{"engine":{"node1":{"accuracy":1.0,"false":0,"last_activity":1772698530.4959183,"success":2,"total":2}},"node_stats":{"node1":{"last_activity":1772698530.4958959,"votes":0}}}}
