{"node1":{"engine":{"node1":{"accuracy":0.0,"false":3,"last_activity":1772700921.3181589,"success":0,"total":3},"node3":{"accuracy":0.0,"false":1,"last_activity":1772700887.9995508,"success":0,"total":1}},"node_stats":{"node1":{"last_activity":1772700921.3181603,"votes":0},"node2":{"last_activity":1772700920.3090525,"votes":4},"node3":{"last_activity":1772700917.313065,"votes":4}}},"node2":{"engine":{"node3":{"accuracy":1.0,"false":0,"last_activity":1772700888.002825,"success":1,"total":1}},"node_stats":{"node3":{"last_activity":1772700888.0028164,"votes":0}}},"node3":{"engine":{"node1":{"accuracy":1.0,"false":0,"last_activity":1772700887.9967513,"success":0,"total":0},"node2":{"accuracy":1.0,"false":0,"last_activity":1772700905.23387,"success":0,"total":0},"node3":{"accuracy":0.0,"false":3,"last_activity":1772700917.585115,"success":0,"total":3}},"node_stats":{"node1":{"last_activity":1772700917.236278,"votes":7},"node2":{"last_activity":1772700916.5784395,"votes":7},"node3":{"last_activity":1772700917.5851164,"votes":0}}}}
