{"node1":{"engine":{"node1":{"accuracy":0.0,"false":3,"last_activity":1772699584.056403,"success":0,"total":3},"node3":{"accuracy":1.0,"false":0,"last_activity":1772699571.7442162,"success":0,"total":0}},"node_stats":{"node1":{"last_activity":1772699584.0564046,"votes":0},"node2":{"last_activity":1772699583.052244,"votes":4},"node3":{"last_activity":1772699585.0561962,"votes":4}}},"node2":{"engine":{"node1":{"accuracy":0.0,"false":3,"last_activity":1772699584.056403,"success":0,"total":3},"node3":{"accuracy":1.0,"false":0,"last_activity":1772699571.7442162,"success":0,"total":0}},"node_stats":{"node1":{"last_activity":1772699584.0564046,"votes":0},"node2":{"last_activity":1772699583.052244,"votes":4},"node3":{"last_activity":1772699585.0561962,"votes":4}}},"node3":{"engine":{"node1":{"accuracy":0.0,"false":3,"last_activity":1772699584.056403,"success":0,"total":3},"node3":{"accuracy":1.0,"false":0,"last_activity":1772699571.7442162,"success":0,"total":0}},"node_stats":{"node1":{"last_activity":1772699584.0564046,"votes":0},"node2":{"last_activity":1772699583.052244,"votes":4},"node3":{"last_activity":1772699585.0561962,"votes":4}}}}
