{"node1":{"engine":{"node1":{"accuracy":0.0,"false":3,"last_activity":1772700020.4303393,"success":0,"total":3},"node2":{"accuracy":1.0,"false":0,"last_activity":1772700008.0826027,"success":0,"total":0},"node3":{"accuracy":1.0,"false":0,"last_activity":1772699995.4572535,"success":1,"total":1}},"node_stats":{"node1":{"last_activity":1772700020.4303408,"votes":0},"node2":{"last_activity":1772700019.4200866,"votes":5},"node3":{"last_activity":1772700016.4242039,"votes":5}}},"node2":{"engine":{"node1":{"accuracy":1.0,"false":0,"last_activity":1772699988.5514486,"success":1,"total":1},"node3":{"accuracy":1.0,"false":0,"last_activity":1772699995.4616888,"success":1,"total":1}},"node_stats":{"node1":{"last_activity":1772699988.5514393,"votes":0},"node3":{"last_activity":1772699995.4616685,"votes":0}}},"node3":{"engine":{"node1":{"accuracy":1.0,"false":0,"last_activity":1772699988.554873,"success":1,"total":1},"node3":{"accuracy":0.0,"false":3,"last_activity":1772700034.232526,"success":0,"total":3}},"node_stats":{"node1":{"last_activity":1772700024.9160736,"votes":7},"node2":{"last_activity":1772700028.2270846,"votes":8},"node3":{"last_activity":1772700034.2325277,"votes":0}}}}
