{"node1":{"engine":{"node1":{"accuracy":0.0,"false":3,"last_activity":1772698310.1728978,"success":0,"total":3},"node2":{"accuracy":1.0,"false":0,"last_activity":1772698269.0592766,"success":0,"total":0},"node3":{"accuracy":1.0,"false":0,"last_activity":1772698269.0592792,"success":0,"total":0}},"node_stats":{"node1":{"last_activity":1772698310.1728995,"votes":0},"node2":{"last_activity":1772698306.4501722,"votes":7},"node3":{"last_activity":1772698311.454985,"votes":7}}},"node2":{"engine":{"node1":{"accuracy":1.0,"false":0,"last_activity":1772698278.3126218,"success":3,"total":3}},"node_stats":{"node1":{"last_activity":1772698278.3126118,"votes":0}}},"node3":{"engine":{"node1":{"accuracy":1.0,"false":0,"last_activity":1772698278.3158464,"success":3,"total":3}},"node_stats":{"node1":{"last_activity":1772698278.315798,"votes":0}}}}
