{"node1":{"engine":{"node1":{"accuracy":0.0,"false":3,"last_activity":1772700541.6387117,"success":0,"total":3},"node2":{"accuracy":1.0,"false":0,"last_activity":1772700522.4189403,"success":0,"total":0},"node3":{"accuracy":0.0,"false":1,"last_activity":1772700515.3865373,"success":0,"total":1}},"node_stats":{"node1":{"last_activity":1772700541.6387131,"votes":0},"node2":{"last_activity":1772700540.6321301,"votes":6},"node3":{"last_activity":1772700525.6901422,"votes":5}}},"node2":{"engine":{"node1":{"accuracy":1.0,"false":0,"last_activity":1772700498.2708976,"success":1,"total":1},"node3":{"accuracy":1.0,"false":0,"last_activity":1772700515.389346,"success":1,"total":1}},"node_stats":{"node1":{"last_activity":1772700498.2708797,"votes":0},"node3":{"last_activity":1772700515.3893363,"votes":0}}},"node3":{"engine":{"node1":{"accuracy":1.0,"false":0,"last_activity":1772700498.273838,"success":1,"total":1},"node2":{"accuracy":1.0,"false":0,"last_activity":1772700515.384571,"success":0,"total":0},"node3":{"accuracy":0.0,"false":3,"last_activity":1772700528.3132536,"success":0,"total":3}},"node_stats":{"node1":{"last_activity":1772700527.3029885,"votes":5},"node2":{"last_activity":1772700524.3068902,"votes":5},"node3":{"last_activity":1772700528.313255,"votes":0}}}}
