{"node1":{"engine":{"node1":{"accuracy":0.0,"false":3,"last_activity":1772699026.1122742,"success":0,"total":3},"node2":{"accuracy":1.0,"false":0,"last_activity":1772698996.5436223,"success":0,"total":0},"node3":{"accuracy":1.0,"false":0,"last_activity":1772698996.5436242,"success":0,"total":0}},"node_stats":{"node1":{"last_activity":1772699026.1122763,"votes":0},"node2":{"last_activity":1772699020.095586,"votes":6},"node3":{"last_activity":1772699020.1003766,"votes":6}}},"node2":{"engine":{"node1":{"accuracy":1.0,"false":0,"last_activity":1772698996.5463285,"success":1,"total":1}},"node_stats":{"node1":{"last_activity":1772698996.5463173,"votes":0}}},"node3":{"engine":{"node1":{"accuracy":1.0,"false":0,"last_activity":1772698996.5499852,"success":1,"total":1}},"node_stats":{"node1":{"last_activity":1772698996.549972,"votes":0}}}}
