{"node1":{"engine":{"node1":{"accuracy":0.0,"false":3,"last_activity":1772700335.0711946,"success":0,"total":3},"node3":{"accuracy":0.667,"false":1,"last_activity":1772700311.4049447,"success":2,"total":3}},"node_stats":{"node1":{"last_activity":1772700335.0711958,"votes":0},"node2":{"last_activity":1772700334.0624745,"votes":5},"node3":{"last_activity":1772700331.0662694,"votes":5}}},"node2":{"engine":{"node1":{"accuracy":1.0,"false":0,"last_activity":1772700303.182627,"success":1,"total":1},"node3":{"accuracy":1.0,"false":0,"last_activity":1772700311.4081638,"success":3,"total":3}},"node_stats":{"node1":{"last_activity":1772700303.1826186,"votes":0},"node3":{"last_activity":1772700311.4081557,"votes":0}}},"node3":{"engine":{"node1":{"accuracy":1.0,"false":0,"last_activity":1772700303.185845,"success":1,"total":1},"node3":{"accuracy":0.0,"false":3,"last_activity":1772700345.5864162,"success":0,"total":3}},"node_stats":{"node1":{"last_activity":1772700333.9468865,"votes":6},"node2":{"last_activity":1772700344.5765996,"votes":7},"node3":{"last_activity":1772700345.586418,"votes":0}}}}
