{"node1":{"engine":{"node1":{"accuracy":0.0,"false":3,"last_activity":1772701018.9118345,"success":0,"total":3},"node2":{"accuracy":1.0,"false":0,"last_activity":1772701009.7950087,"success":0,"total":0},"node3":{"accuracy":1.0,"false":0,"last_activity":1772700998.0829842,"success":1,"total":1}},"node_stats":{"node1":{"last_activity":1772701018.911836,"votes":0},"node2":{"last_activity":1772701012.9009993,"votes":3},"node3":{"last_activity":1772701012.9059155,"votes":3}}},"node2":{"engine":{"node3":{"accuracy":1.0,"false":0,"last_activity":1772700998.0858948,"success":1,"total":1}},"node_stats":{"node3":{"last_activity":1772700998.0858848,"votes":0}}},"node3":{"engine":{"node1":{"accuracy":1.0,"false":0,"last_activity":1772701017.6300488,"success":0,"total":0},"node2":{"accuracy":1.0,"false":0,"last_activity":1772700998.0808492,"success":0,"total":0},"node3":{"accuracy":0.0,"false":3,"last_activity":1772701029.9543514,"success":0,"total":3}},"node_stats":{"node1":{"last_activity":1772701017.9097552,"votes":6},"node2":{"last_activity":1772701023.947153,"votes":7},"node3":{"last_activity":1772701029.9543533,"votes":0}}}}
